  194.38,  473.60
  194.65,  473.60
  194.92,  473.60
  195.19,  770.80
  195.46,  778.60
  195.73,  772.00
  196.00,  774.00
  196.27,  768.00
  196.54,  775.40
  196.80,  774.40
  197.07,  773.80
  197.34,  774.40
  197.61,  774.20
  197.88,  773.00
  198.15,  772.20
  198.42,  768.20
  198.69,  770.20
  198.96,  769.60
  199.23,  774.00
  199.50,  773.80
  199.77,  773.20
  200.04,  777.60
  200.30,  773.60
  200.57,  773.60
  200.84,  774.60
  201.11,  767.80
  201.38,  781.40
  201.65,  771.80
  201.92,  772.00
  202.19,  775.40
  202.46,  776.80
  202.73,  772.80
  203.00,  772.00
  203.27,  770.80
  203.54,  774.80
  203.80,  774.40
  204.07,  769.80
  204.34,  772.00
  204.61,  775.40
  204.88,  768.00
  205.15,  775.60
  205.42,  771.80
  205.69,  774.40
  205.96,  777.00
  206.23,  774.20
  206.50,  772.80
  206.76,  773.60
  207.03,  768.40
  207.30,  772.80
  207.57,  772.00
  207.84,  777.20
  208.11,  772.40
  208.38,  771.80
  208.65,  774.40
  208.92,  777.60
  209.19,  773.20
  209.45,  778.20
  209.72,  775.80
  209.99,  776.60
  210.26,  775.20
  210.53,  774.40
  210.80,  770.20
  211.07,  772.00
  211.34,  775.00
  211.61,  775.80
  211.87,  771.60
  212.14,  772.40
  212.41,  778.20
  212.68,  773.60
  212.95,  769.40
  213.22,  778.60
  213.49,  771.20
  213.76,  774.20
  214.03,  773.60
  214.29,  767.40
  214.56,  771.00
  214.83,  774.20
  215.10,  772.80
  215.37,  771.60
  215.64,  772.80
  215.91,  775.20
  216.18,  771.40
  216.44,  772.20
  216.71,  773.00
  216.98,  772.20
  217.25,  766.00
  217.52,  772.60
  217.79,  771.00
  218.06,  774.60
  218.33,  775.20
  218.59,  774.60
  218.86,  766.80
  219.13,  773.60
  219.40,  771.40
  219.67,  774.60
  219.94,  774.60
  220.21,  777.00
  220.48,  768.00
  220.74,  774.00
  221.01,  771.80
  221.28,  770.40
  221.55,  769.80
  221.82,  773.00
  222.09,  768.80
  222.36,  773.80
  222.62,  769.00
  222.89,  773.40
  223.16,  771.20
  223.43,  774.20
  223.70,  776.00
  223.97,  773.60
  224.24,  770.00
  224.50,  777.20
  224.77,  769.40
  225.04,  774.20
  225.31,  772.20
  225.58,  774.40
  225.85,  768.80
  226.12,  769.00
  226.38,  767.20
  226.65,  772.20
  226.92,  773.80
  227.19,  778.60
  227.46,  774.20
  227.73,  778.00
  228.00,  770.00
  228.26,  776.40
  228.53,  773.00
  228.80,  779.80
  229.07,  775.40
  229.34,  774.20
  229.61,  767.40
  229.87,  776.40
  230.14,  771.60
  230.41,  775.00
  230.68,  772.40
  230.95,  772.20
  231.22,  770.00
  231.48,  769.40
  231.75,  767.60
  232.02,  772.40
  232.29,  772.00
  232.56,  775.60
  232.83,  773.20
  233.09,  768.40
  233.36,  776.40
  233.63,  770.00
  233.90,  771.40
  234.17,  761.00
  234.44,  765.20
  234.70,  774.40
  234.97,  772.40
  235.24,  774.00
  235.51,  775.40
  235.78,  772.00
  236.05,  771.00
  236.31,  767.20
  236.58,  771.00
  236.85,  769.20
  237.12,  766.20
  237.39,  770.40
  237.66,  771.00
  237.92,  771.00
  238.19,  770.20
  238.46,  771.00
  238.73,  771.40
  239.00,  768.20
  239.26,  769.60
  239.53,  769.20
  239.80,  769.80
  240.07,  768.60
  240.34,  767.40
  240.60,  769.60
  240.87,  770.20
  241.14,  769.20
  241.41,  768.00
  241.68,  766.80
  241.95,  765.40
  242.21,  769.60
  242.48,  768.60
  242.75,  769.20
  243.02,  770.60
  243.29,  768.80
  243.55,  773.20
  243.82,  772.80
  244.09,  768.00
  244.36,  766.40
  244.63,  773.20
  244.89,  771.40
  245.16,  767.00
  245.43,  768.40
  245.70,  771.20
  245.97,  769.60
  246.23,  771.80
  246.50,  767.60
  246.77,  767.60
  247.04,  769.40
  247.31,  770.00
  247.57,  770.00
  247.84,  770.60
  248.11,  771.40
  248.38,  770.20
  248.64,  769.20
  248.91,  769.60
  249.18,  766.80
  249.45,  765.40
  249.72,  768.80
  249.98,  770.00
  250.25,  765.20
  250.52,  767.40
  250.79,  767.40
  251.06,  769.80
  251.32,  768.00
  251.59,  765.60
  251.86,  773.40
  252.13,  769.00
  252.39,  766.40
  252.66,  766.40
  252.93,  772.00
  253.20,  770.00
  253.47,  769.20
  253.73,  768.00
  254.00,  770.40
  254.27,  765.60
  254.54,  769.20
  254.80,  765.40
  255.07,  763.80
  255.34,  765.20
  255.61,  766.40
  255.87,  761.00
  256.14,  761.80
  256.41,  762.60
  256.68,  764.80
  256.95,  770.60
  257.21,  765.20
  257.48,  766.00
  257.75,  766.00
  258.02,  766.20
  258.28,  772.20
  258.55,  767.80
  258.82,  771.60
  259.09,  765.20
  259.35,  769.20
  259.62,  764.00
  259.89,  765.00
  260.16,  764.80
  260.42,  769.40
  260.69,  769.20
  260.96,  763.80
  261.23,  765.20
  261.49,  768.00
  261.76,  765.60
  262.03,  771.40
  262.30,  767.60
  262.56,  769.60
  262.83,  770.00
  263.10,  769.80
  263.37,  768.80
  263.63,  769.40
  263.90,  769.80
  264.17,  762.60
  264.44,  760.80
  264.70,  762.40
  264.97,  761.20
  265.24,  759.20
  265.51,  766.40
  265.77,  767.20
  266.04,  767.20
  266.31,  765.40
  266.58,  765.20
  266.84,  766.00
  267.11,  765.20
  267.38,  770.60
  267.65,  765.20
  267.91,  762.40
  268.18,  763.40
  268.45,  760.40
  268.72,  764.80
  268.98,  763.80
  269.25,  768.60
  269.52,  766.40
  269.78,  769.60
  270.05,  768.40
  270.32,  765.20
  270.59,  765.60
  270.85,  765.60
  271.12,  764.40
  271.39,  765.00
  271.66,  762.00
  271.92,  765.20
  272.19,  767.80
  272.46,  766.00
  272.72,  766.60
  272.99,  766.60
  273.26,  771.40
  273.53,  767.80
  273.79,  770.40
  274.06,  765.60
  274.33,  763.80
  274.59,  765.00
  274.86,  764.00
  275.13,  768.00
  275.40,  769.60
  275.66,  763.00
  275.93,  773.40
  276.20,  766.80
  276.46,  767.40
  276.73,  765.40
  277.00,  764.00
  277.27,  762.40
  277.53,  762.80
  277.80,  758.40
  278.07,  762.80
  278.33,  771.00
  278.60,  763.80
  278.87,  760.20
  279.14,  765.60
  279.40,  770.20
  279.67,  765.40
  279.94,  761.60
  280.20,  774.00
  280.47,  762.40
  280.74,  764.60
  281.00,  765.80
  281.27,  771.20
  281.54,  765.80
  281.81,  757.60
  282.07,  763.80
  282.34,  760.60
  282.61,  772.00
  282.87,  763.20
  283.14,  766.80
  283.41,  765.40
  283.67,  763.20
  283.94,  763.00
  284.21,  757.80
  284.47,  768.40
  284.74,  764.40
  285.01,  768.00
  285.27,  767.20
  285.54,  763.40
  285.81,  764.40
  286.08,  761.20
  286.34,  768.00
  286.61,  766.20
  286.88,  762.20
  287.14,  763.40
  287.41,  757.40
  287.68,  764.40
  287.94,  762.40
  288.21,  767.80
  288.48,  769.80
  288.74,  768.80
  289.01,  761.60
  289.28,  759.00
  289.54,  761.00
  289.81,  766.80
  290.08,  766.00
  290.34,  770.60
  290.61,  760.00
  290.88,  762.20
  291.14,  759.00
  291.41,  763.60
  291.68,  763.80
  291.94,  764.40
  292.21,  760.40
  292.48,  761.60
  292.74,  759.00
  293.01,  765.80
  293.28,  764.60
  293.54,  763.60
  293.81,  761.60
  294.08,  760.80
  294.34,  766.20
  294.61,  765.20
  294.88,  763.20
  295.14,  764.40
  295.41,  763.40
  295.68,  765.00
  295.94,  760.40
  296.21,  763.20
  296.48,  763.40
  296.74,  769.40
  297.01,  763.00
  297.28,  764.00
  297.54,  760.40
  297.81,  764.40
  298.08,  762.60
  298.34,  767.20
  298.61,  763.20
  298.87,  760.20
  299.14,  762.20
  299.41,  767.00
  299.67,  761.40
  299.94,  762.40
  300.21,  762.80
  300.47,  757.20
  300.74,  765.60
  301.01,  757.20
  301.27,  762.80
  301.54,  758.80
  301.81,  760.40
  302.07,  763.80
  302.34,  767.80
  302.60,  763.00
  302.87,  761.60
  303.14,  763.00
  303.40,  762.80
  303.67,  763.40
  303.94,  758.80
  304.20,  763.20
  304.47,  759.60
  304.74,  764.20
  305.00,  760.60
  305.27,  761.40
  305.53,  761.80
  305.80,  765.00
  306.07,  760.80
  306.33,  762.80
  306.60,  763.20
  306.87,  766.00
  307.13,  759.00
  307.40,  769.60
  307.66,  764.80
  307.93,  759.80
  308.20,  767.20
  308.46,  760.00
  308.73,  765.40
  309.00,  758.00
  309.26,  762.40
  309.53,  760.80
  309.79,  755.40
  310.06,  759.00
  310.33,  758.00
  310.59,  762.80
  310.86,  766.60
  311.12,  756.00
  311.39,  755.20
  311.66,  760.80
  311.92,  756.40
  312.19,  761.60
  312.45,  763.00
  312.72,  760.00
  312.99,  764.00
  313.25,  753.00
  313.52,  756.40
  313.79,  762.60
  314.05,  760.80
  314.32,  757.20
  314.58,  755.40
  314.85,  760.60
  315.12,  762.20
  315.38,  761.00
  315.65,  759.40
  315.91,  766.60
  316.18,  760.80
  316.45,  765.20
  316.71,  760.60
  316.98,  762.00
  317.24,  760.20
  317.51,  758.80
  317.78,  763.60
  318.04,  763.40
  318.31,  759.40
  318.57,  758.60
  318.84,  759.60
  319.10,  758.00
  319.37,  756.80
  319.64,  760.80
  319.90,  759.80
  320.17,  757.00
  320.43,  759.00
  320.70,  754.80
  320.97,  758.80
  321.23,  761.80
  321.50,  761.00
  321.76,  764.60
  322.03,  759.80
  322.29,  760.20
  322.56,  756.60
  322.83,  754.40
  323.09,  758.40
  323.36,  763.60
  323.62,  758.60
  323.89,  758.20
  324.16,  758.40
  324.42,  758.80
  324.69,  759.00
  324.95,  759.60
  325.22,  763.20
  325.48,  759.60
  325.75,  763.40
  326.02,  760.60
  326.28,  761.40
  326.55,  756.60
  326.81,  756.20
  327.08,  758.20
  327.34,  759.20
  327.61,  756.60
  327.87,  758.20
  328.14,  764.60
  328.41,  758.40
  328.67,  763.40
  328.94,  759.40
  329.20,  766.40
  329.47,  762.80
  329.73,  759.40
  330.00,  763.80
  330.27,  759.80
  330.53,  756.00
  330.80,  761.00
  331.06,  765.00
  331.33,  762.80
  331.59,  760.20
  331.86,  762.60
  332.12,  761.80
  332.39,  757.00
  332.66,  757.80
  332.92,  758.60
  333.19,  761.00
  333.45,  760.80
  333.72,  764.40
  333.98,  756.00
  334.25,  757.80
  334.51,  761.00
  334.78,  763.60
  335.04,  760.40
  335.31,  759.40
  335.58,  764.20
  335.84,  765.00
  336.11,  764.00
  336.37,  764.20
  336.64,  757.40
  336.90,  759.00
  337.17,  760.60
  337.43,  760.00
  337.70,  763.80
  337.96,  764.40
  338.23,  757.00
  338.49,  764.00
  338.76,  756.20
  339.02,  763.40
  339.29,  772.20
  339.56,  759.00
  339.82,  765.20
  340.09,  760.40
  340.35,  758.80
  340.62,  758.40
  340.88,  761.60
  341.15,  759.00
  341.41,  761.60
  341.68,  764.40
  341.94,  767.80
  342.21,  765.60
  342.47,  766.60
  342.74,  766.60
  343.00,  760.40
  343.27,  760.80
  343.53,  759.40
  343.80,  757.40
  344.06,  761.00
  344.33,  763.20
  344.59,  767.40
  344.86,  766.80
  345.13,  771.00
  345.39,  760.80
  345.66,  765.60
  345.92,  766.80
  346.19,  771.60
  346.45,  764.20
  346.72,  769.80
  346.98,  766.00
  347.25,  765.40
  347.51,  767.40
  347.78,  766.00
  348.04,  764.80
  348.31,  762.60
  348.57,  774.00
  348.84,  770.40
  349.10,  769.00
  349.37,  767.80
  349.63,  764.80
  349.90,  768.80
  350.16,  766.40
  350.43,  775.80
  350.69,  771.00
  350.96,  771.60
  351.22,  773.80
  351.49,  774.60
  351.75,  769.00
  352.02,  773.80
  352.28,  778.20
  352.55,  774.40
  352.81,  775.20
  353.08,  780.40
  353.34,  785.60
  353.61,  788.20
  353.87,  789.00
  354.14,  790.40
  354.40,  784.20
  354.66,  789.40
  354.93,  792.20
  355.19,  791.80
  355.46,  790.60
  355.72,  792.80
  355.99,  799.60
  356.25,  797.80
  356.52,  797.20
  356.78,  804.40
  357.05,  803.60
  357.31,  810.00
  357.58,  810.20
  357.84,  817.20
  358.11,  815.80
  358.37,  823.40
  358.64,  822.60
  358.90,  830.40
  359.17,  826.60
  359.43,  836.00
  359.70,  845.40
  359.96,  849.00
  360.23,  862.80
  360.49,  877.20
  360.75,  882.40
  361.02,  891.00
  361.28,  915.60
  361.55,  922.00
  361.81,  953.80
  362.08,  983.00
  362.34, 1008.00
  362.61, 1046.00
  362.87, 1103.40
  363.14, 1177.80
  363.40, 1267.00
  363.67, 1421.20
  363.93, 1650.40
  364.19, 1989.60
  364.46, 2525.60
  364.72, 3419.00
  364.99, 4773.20
  365.25, 6855.60
  365.52, 9414.00
  365.78,12340.60
  366.05,14564.40
  366.31,15382.60
  366.58,14738.60
  366.84,13356.20
  367.10,11653.80
  367.37,10858.40
  367.63, 9783.60
  367.90, 7581.20
  368.16, 5714.00
  368.43, 4888.40
  368.69, 3898.80
  368.96, 3133.40
  369.22, 2473.80
  369.48, 1837.20
  369.75, 1482.60
  370.01, 1207.00
  370.28, 1083.40
  370.54,  989.00
  370.81,  939.20
  371.07,  906.40
  371.34,  878.00
  371.60,  864.20
  371.86,  849.60
  372.13,  848.20
  372.39,  839.20
  372.66,  837.80
  372.92,  828.60
  373.19,  817.40
  373.45,  813.80
  373.71,  816.80
  373.98,  804.80
  374.24,  811.20
  374.51,  804.80
  374.77,  802.80
  375.04,  798.00
  375.30,  805.00
  375.56,  797.20
  375.83,  797.40
  376.09,  791.60
  376.36,  791.20
  376.62,  788.60
  376.89,  793.20
  377.15,  791.60
  377.41,  785.60
  377.68,  786.40
  377.94,  786.60
  378.21,  785.60
  378.47,  783.40
  378.73,  781.20
  379.00,  778.80
  379.26,  781.80
  379.53,  784.00
  379.79,  779.60
  380.06,  779.60
  380.32,  772.20
  380.58,  768.40
  380.85,  775.00
  381.11,  770.80
  381.38,  776.20
  381.64,  771.20
  381.90,  776.00
  382.17,  768.20
  382.43,  766.00
  382.70,  768.60
  382.96,  767.40
  383.22,  765.00
  383.49,  767.80
  383.75,  766.60
  384.02,  767.80
  384.28,  770.20
  384.54,  770.40
  384.81,  766.40
  385.07,  770.60
  385.34,  766.80
  385.60,  769.80
  385.86,  768.80
  386.13,  762.00
  386.39,  764.20
  386.66,  762.80
  386.92,  764.20
  387.18,  763.20
  387.45,  765.00
  387.71,  761.00
  387.98,  763.60
  388.24,  765.40
  388.50,  762.40
  388.77,  768.20
  389.03,  768.60
  389.29,  764.60
  389.56,  768.60
  389.82,  767.20
  390.09,  765.40
  390.35,  766.00
  390.61,  763.40
  390.88,  762.80
  391.14,  761.60
  391.40,  768.80
  391.67,  765.60
  391.93,  766.20
  392.20,  763.60
  392.46,  766.80
  392.72,  766.20
  392.99,  766.00
  393.25,  766.40
  393.51,  764.20
  393.78,  758.00
  394.04,  760.60
  394.31,  763.00
  394.57,  761.60
  394.83,  763.60
  395.10,  767.20
  395.36,  763.80
  395.62,  763.60
  395.89,  769.80
  396.15,  762.60
  396.41,  759.60
  396.68,  764.80
  396.94,  762.80
  397.21,  760.80
  397.47,  764.20
  397.73,  761.80
  398.00,  763.80
  398.26,  762.60
  398.52,  764.60
  398.79,  761.00
  399.05,  765.00
  399.31,  763.80
  399.58,  762.40
  399.84,  763.40
  400.10,  759.20
  400.37,  761.80
  400.63,  762.20
  400.90,  764.00
  401.16,  757.60
  401.42,  758.60
  401.69,  764.40
  401.95,  760.00
  402.21,  765.00
  402.48,  769.00
  402.74,  765.00
  403.00,  758.60
  403.27,  758.40
  403.53,  766.60
  403.79,  760.40
  404.06,  759.00
  404.32,  762.00
  404.58,  765.80
  404.85,  760.40
  405.11,  761.40
  405.37,  763.60
  405.64,  767.00
  405.90,  765.00
  406.16,  765.40
  406.43,  763.20
  406.69,  764.60
  406.95,  766.80
  407.22,  760.20
  407.48,  760.40
  407.74,  762.00
  408.01,  767.20
  408.27,  757.20
  408.53,  761.00
  408.80,  769.40
  409.06,  765.60
  409.32,  765.80
  409.59,  763.80
  409.85,  761.00
  410.11,  759.80
  410.38,  761.80
  410.64,  764.60
  410.90,  761.40
  411.17,  761.60
  411.43,  759.80
  411.69,  761.80
  411.95,  759.00
  412.22,  760.80
  412.48,  759.20
  412.74,  766.20
  413.01,  759.20
  413.27,  756.80
  413.53,  764.20
  413.80,  764.60
  414.06,  759.00
  414.32,  761.00
  414.59,  760.80
  414.85,  765.00
  415.11,  762.20
  415.37,  765.00
  415.64,  762.80
  415.90,  761.80
  416.16,  762.20
  416.43,  765.20
  416.69,  762.00
  416.95,  762.60
  417.22,  765.40
  417.48,  760.80
  417.74,  762.40
  418.01,  760.60
  418.27,  766.80
  418.53,  763.40
  418.79,  761.20
  419.06,  759.40
  419.32,  761.00
  419.58,  763.40
  419.85,  759.20
  420.11,  761.80
  420.37,  762.60
  420.63,  765.20
  420.90,  761.00
  421.16,  765.40
  421.42,  761.20
  421.69,  763.40
  421.95,  764.80
  422.21,  768.60
  422.47,  762.20
  422.74,  765.60
  423.00,  761.20
  423.26,  768.60
  423.53,  763.00
  423.79,  768.80
  424.05,  760.00
  424.31,  764.20
  424.58,  766.40
  424.84,  763.80
  425.10,  769.60
  425.37,  761.80
  425.63,  763.00
  425.89,  765.80
  426.15,  763.20
  426.42,  763.20
  426.68,  771.40
  426.94,  760.00
  427.20,  760.80
  427.47,  766.40
  427.73,  767.20
  427.99,  761.00
  428.25,  766.40
  428.52,  762.20
  428.78,  763.20
  429.04,  766.00
  429.31,  760.00
  429.57,  769.20
  429.83,  760.60
  430.09,  763.40
  430.36,  763.20
  430.62,  767.60
  430.88,  767.20
  431.14,  768.20
  431.41,  765.60
  431.67,  767.20
  431.93,  761.40
  432.19,  759.00
  432.46,  765.80
  432.72,  768.00
  432.98,  760.60
  433.24,  763.00
  433.51,  766.40
  433.77,  771.00
  434.03,  767.40
  434.29,  770.80
  434.56,  769.40
  434.82,  764.20
  435.08,  762.80
  435.34,  768.60
  435.61,  763.60
  435.87,  764.00
  436.13,  764.00
  436.39,  764.20
  436.66,  759.60
  436.92,  763.60
  437.18,  760.80
  437.44,  761.20
  437.71,  766.20
  437.97,  768.20
  438.23,  771.40
  438.49,  762.60
  438.75,  764.40
  439.02,  767.20
  439.28,  765.80
  439.54,  770.20
  439.80,  767.40
  440.07,  764.20
  440.33,  759.00
  440.59,  767.80
  440.85,  763.40
  441.12,  760.20
  441.38,  761.00
  441.64,  771.00
  441.90,  758.60
  442.16,  770.40
  442.43,  763.80
  442.69,  764.80
  442.95,  766.60
  443.21,  764.60
  443.48,  766.80
  443.74,  761.20
  444.00,  760.60
  444.26,  769.40
  444.52,  763.20
  444.79,  770.20
  445.05,  764.40
  445.31,  764.40
  445.57,  766.60
  445.83,  759.40
  446.10,  764.60
  446.36,  767.00
  446.62,  763.00
  446.88,  767.00
  447.15,  765.00
  447.41,  760.40
  447.67,  764.20
  447.93,  765.20
  448.19,  762.20
  448.46,  768.00
  448.72,  767.60
  448.98,  760.60
  449.24,  762.40
  449.50,  758.20
  449.77,  759.00
  450.03,  767.60
  450.29,  761.40
  450.55,  761.00
  450.81,  766.00
  451.08,  764.40
  451.34,  763.40
  451.60,  768.00
  451.86,  758.00
  452.12,  765.80
  452.39,  762.60
  452.65,  767.40
  452.91,  760.80
  453.17,  770.00
  453.43,  765.20
  453.69,  767.20
  453.96,  765.40
  454.22,  768.20
  454.48,  767.20
  454.74,  760.80
  455.00,  758.20
  455.27,  764.60
  455.53,  768.00
  455.79,  766.80
  456.05,  766.60
  456.31,  766.20
  456.58,  769.80
  456.84,  763.00
  457.10,  769.00
  457.36,  765.40
  457.62,  765.00
  457.88,  760.40
  458.15,  766.40
  458.41,  762.80
  458.67,  765.60
  458.93,  769.80
  459.19,  766.40
  459.45,  766.40
  459.72,  764.00
  459.98,  766.20
  460.24,  759.00
  460.50,  764.60
  460.76,  768.20
  461.02,  768.40
  461.29,  758.40
  461.55,  763.00
  461.81,  773.00
  462.07,  766.20
  462.33,  763.60
  462.59,  764.40
  462.86,  763.80
  463.12,  764.60
  463.38,  763.60
  463.64,  765.40
  463.90,  760.00
  464.16,  763.60
  464.43,  766.60
  464.69,  767.00
  464.95,  763.60
  465.21,  766.60
  465.47,  768.00
  465.73,  770.00
  465.99,  766.40
  466.26,  772.00
  466.52,  765.40
  466.78,  765.20
  467.04,  764.60
  467.30,  771.00
  467.56,  766.00
  467.82,  766.80
  468.09,  765.60
  468.35,  765.80
  468.61,  770.00
  468.87,  762.20
  469.13,  764.40
  469.39,  760.60
  469.65,  768.20
  469.92,  765.40
  470.18,  766.00
  470.44,  765.40
  470.70,  772.60
  470.96,  765.80
  471.22,  773.00
  471.48,  766.40
  471.75,  769.00
  472.01,  765.00
  472.27,  766.80
  472.53,  767.20
  472.79,  769.40
  473.05,  761.40
  473.31,  761.80
  473.57,  764.00
  473.84,  769.20
  474.10,  775.00
  474.36,  768.20
  474.62,  766.80
  474.88,  762.80
  475.14,  768.20
  475.40,  767.00
  475.66,  764.20
  475.93,  769.60
  476.19,  772.20
  476.45,  772.00
  476.71,  770.00
  476.97,  767.80
  477.23,  765.80
  477.49,  769.80
  477.75,  767.40
  478.01,  769.80
  478.28,  768.00
  478.54,  766.60
  478.80,  764.60
  479.06,  764.60
  479.32,  766.40
  479.58,  770.60
  479.84,  766.20
  480.10,  767.00
  480.36,  773.60
  480.63,  768.80
  480.89,  768.80
  481.15,  769.60
  481.41,  766.20
  481.67,  767.40
  481.93,  763.40
  482.19,  762.80
  482.45,  765.60
  482.71,  768.40
  482.97,  759.60
  483.24,  765.80
  483.50,  762.40
  483.76,  770.60
  484.02,  758.80
  484.28,  761.80
  484.54,  763.80
  484.80,  769.80
  485.06,  766.40
  485.32,  766.40
  485.58,  766.20
  485.84,  763.80
  486.11,  766.60
  486.37,  769.20
  486.63,  764.20
  486.89,  765.20
  487.15,  768.20
  487.41,  764.80
  487.67,  759.40
  487.93,  767.40
  488.19,  766.60
  488.45,  766.20
  488.71,  766.00
  488.97,  766.20
  489.24,  765.40
  489.50,  769.80
  489.76,  769.80
  490.02,  768.80
  490.28,  769.60
  490.54,  764.20
  490.80,  761.20
  491.06,  760.60
  491.32,  767.20
  491.58,  765.40
  491.84,  768.00
  492.10,  767.60
  492.36,  768.40
  492.62,  761.60
  492.89,  765.00
  493.15,  759.60
  493.41,  769.80
  493.67,  766.80
  493.93,  766.20
  494.19,  766.40
  494.45,  774.00
  494.71,  769.40
  494.97,  763.20
  495.23,  759.00
  495.49,  770.20
  495.75,  769.20
  496.01,  772.40
  496.27,  770.60
  496.53,  765.40
  496.79,  769.20
  497.05,  770.60
  497.32,  767.40
  497.58,  772.60
  497.84,  772.00
  498.10,  764.00
  498.36,  766.40
  498.62,  765.80
  498.88,  766.80
  499.14,  764.20
  499.40,  762.00
  499.66,  767.80
  499.92,  763.20
  500.18,  760.60
  500.44,  764.20
  500.70,  765.20
  500.96,  762.00
  501.22,  767.60
  501.48,  764.00
  501.74,  768.00
  502.00,  764.60
  502.26,  768.00
  502.52,  763.40
  502.78,  774.20
  503.04,  763.60
  503.31,  769.80
  503.57,  764.20
  503.83,  771.60
  504.09,  769.60
  504.35,  763.60
  504.61,  764.20
  504.87,  769.20
  505.13,  764.40
  505.39,  769.00
  505.65,  761.00
  505.91,  763.80
  506.17,  769.00
  506.43,  766.00
  506.69,  764.00
  506.95,  777.40
  507.21,  769.20
  507.47,  763.80
  507.73,  770.00
  507.99,  766.60
  508.25,  760.00
  508.51,  764.00
  508.77,  765.60
  509.03,  764.80
  509.29,  762.80
  509.55,  758.20
  509.81,  760.40
  510.07,  769.60
  510.33,  761.20
  510.59,  765.60
  510.85,  763.20
  511.11,  762.20
  511.37,  768.40
  511.63,  766.00
  511.89,  765.20
  512.15,  772.20
  512.41,  766.00
  512.67,  765.40
  512.93,  762.40
  513.19,  765.80
  513.45,  760.20
  513.71,  766.80
  513.97,  768.20
  514.23,  766.40
  514.49,  763.80
  514.75,  760.60
  515.01,  766.00
  515.27,  765.80
  515.53,  764.20
  515.79,  756.20
  516.05,  759.20
  516.31,  772.60
  516.57,  766.40
  516.83,  768.00
  517.09,  765.60
  517.35,  771.80
  517.61,  765.60
  517.87,  767.60
  518.13,  769.20
  518.39,  768.60
  518.65,  768.80
  518.91,  765.40
  519.17,  761.60
  519.43,  768.00
  519.69,  762.20
  519.95,  768.40
  520.21,  762.20
  520.47,  761.00
  520.73,  767.20
  520.99,  765.80
  521.25,  767.60
  521.51,  765.20
  521.77,  765.20
  522.03,  767.40
  522.29,  764.80
  522.55,  766.00
  522.81,  761.80
  523.07,  761.80
  523.33,  761.80
  523.59,  763.00
  523.85,  765.20
  524.11,  769.20
  524.37,  764.80
  524.62,  766.20
  524.88,  766.60
  525.14,  768.20
  525.40,  762.60
  525.66,  765.60
  525.92,  766.60
  526.18,  761.00
  526.44,  763.20
  526.70,  771.40
  526.96,  767.00
  527.22,  764.60
  527.48,  769.80
  527.74,  763.00
  528.00,  758.60
  528.26,  756.20
  528.52,  769.80
  528.78,  767.40
  529.04,  765.00
  529.30,  763.40
  529.56,  763.20
  529.82,  764.40
  530.08,  759.20
  530.34,  762.80
  530.59,  758.20
  530.85,  764.40
  531.11,  764.40
  531.37,  764.00
  531.63,  769.40
  531.89,  769.80
  532.15,  764.00
  532.41,  763.60
  532.67,  760.60
  532.93,  759.40
  533.19,  763.00
  533.45,  758.60
  533.71,  758.40
  533.97,  761.60
  534.23,  760.00
  534.49,  763.80
  534.74,  766.80
  535.00,  766.60
  535.26,  762.60
  535.52,  760.80
  535.78,  764.00
  536.04,  766.00
  536.30,  763.20
  536.56,  756.80
  536.82,  761.40
  537.08,  761.80
  537.34,  763.20
  537.60,  764.20
  537.86,  760.00
  538.12,  758.60
  538.37,  763.80
  538.63,  771.60
  538.89,  762.20
  539.15,  762.40
  539.41,  760.20
  539.67,  762.80
  539.93,  758.80
  540.19,  756.60
  540.45,  770.80
  540.71,  762.40
  540.97,  761.60
  541.23,  767.00
  541.48,  763.20
  541.74,  760.20
  542.00,  766.40
  542.26,  762.60
  542.52,  768.20
  542.78,  764.80
  543.04,  759.40
  543.30,  760.00
  543.56,  756.60
  543.82,  760.40
  544.08,  757.80
  544.33,  762.40
  544.59,  758.60
  544.85,  763.40
  545.11,  764.80
  545.37,  764.60
  545.63,  762.20
  545.89,  762.40
  546.15,  759.00
  546.41,  759.80
  546.67,  763.80
  546.92,  758.60
  547.18,  758.00
  547.44,  758.40
  547.70,  764.00
  547.96,  760.40
  548.22,  764.00
  548.48,  762.60
  548.74,  763.60
  549.00,  766.00
  549.25,  754.80
  549.51,  762.20
  549.77,  759.40
  550.03,  763.20
  550.29,  758.80
  550.55,  759.80
  550.81,  766.60
  551.07,  759.60
  551.32,  762.40
  551.58,  760.20
  551.84,  768.00
  552.10,  766.40
  552.36,  762.80
  552.62,  761.60
  552.88,  758.40
  553.14,  763.60
  553.40,  758.40
  553.65,  760.80
  553.91,  761.80
  554.17,  760.20
  554.43,  766.60
  554.69,  763.20
  554.95,  758.40
  555.21,  765.20
  555.46,  758.60
  555.72,  768.40
  555.98,  765.80
  556.24,  764.80
  556.50,  762.00
  556.76,  755.60
  557.02,  758.80
  557.28,  759.00
  557.53,  760.20
  557.79,  757.80
  558.05,  761.20
  558.31,  754.40
  558.57,  760.00
  558.83,  760.40
  559.09,  761.80
  559.34,  759.80
  559.60,  768.00
  559.86,  761.80
  560.12,  766.00
  560.38,  761.20
  560.64,  766.20
  560.89,  768.00
  561.15,  760.40
  561.41,  755.60
  561.67,  760.20
  561.93,  764.00
  562.19,  758.20
  562.45,  760.60
  562.70,  755.00
  562.96,  756.40
  563.22,  760.20
  563.48,  765.60
  563.74,  758.40
  564.00,  765.80
  564.25,  761.00
  564.51,  761.80
  564.77,  758.80
  565.03,  756.00
  565.29,  760.80
  565.55,  764.20
  565.80,  756.40
  566.06,  759.40
  566.32,  760.60
  566.58,  765.40
  566.84,  763.20
  567.10,  758.20
  567.35,  762.60
  567.61,  765.40
  567.87,  762.60
  568.13,  760.60
  568.39,  759.40
  568.65,  756.00
  568.90,  759.40
  569.16,  763.20
  569.42,  760.60
  569.68,  758.60
  569.94,  759.60
  570.19,  762.80
  570.45,  760.20
  570.71,  765.00
  570.97,  759.80
  571.23,  762.60
  571.49,  761.40
  571.74,  768.80
  572.00,  757.20
  572.26,  759.80
  572.52,  760.60
  572.78,  762.60
  573.03,  759.00
  573.29,  758.20
  573.55,  762.40
  573.81,  762.80
  574.07,  763.20
  574.32,  758.80
  574.58,  761.60
  574.84,  763.80
  575.10,  757.80
  575.36,  751.60
  575.61,  764.80
  575.87,  761.00
  576.13,  756.80
  576.39,  754.20
  576.65,  761.20
  576.90,  763.60
  577.16,  755.60
  577.42,  756.80
  577.68,  759.40
  577.94,  767.00
  578.19,  762.40
  578.45,  764.00
  578.71,  755.80
  578.97,  757.80
  579.23,  757.60
  579.48,  759.60
  579.74,  760.80
  580.00,  760.20
  580.26,  764.80
  580.52,  759.80
  580.77,  753.80
  581.03,  761.00
  581.29,  754.20
  581.55,  763.20
  581.80,  760.80
  582.06,  756.40
  582.32,  759.60
  582.58,  761.20
  582.84,  762.60
  583.09,  759.60
  583.35,  753.80
  583.61,  755.80
  583.87,  757.40
  584.12,  760.60
  584.38,  757.20
  584.64,  759.20
  584.90,  756.20
  585.16,  761.40
  585.41,  758.20
  585.67,  760.20
  585.93,  754.20
  586.19,  758.60
  586.44,  752.00
  586.70,  761.60
  586.96,  761.00
  587.22,  756.60
  587.47,  756.20
  587.73,  759.60
  587.99,  757.60
  588.25,  754.80
  588.50,  754.60
  588.76,  760.80
  589.02,  756.80
  589.28,  761.60
  589.53,  757.20
  589.79,  762.40
  590.05,  760.80
  590.31,  763.40
  590.56,  752.60
  590.82,  757.80
  591.08,  753.60
  591.34,  755.80
  591.59,  758.40
  591.85,  760.20
  592.11,  760.40
  592.37,  754.00
  592.62,  753.00
  592.88,  762.00
  593.14,  756.60
  593.40,  763.40
  593.65,  758.20
  593.91,  758.40
  594.17,  757.40
  594.43,  762.00
  594.68,  757.00
  594.94,  757.00
  595.20,  756.20
  595.46,  759.00
  595.71,  754.80
  595.97,  758.20
  596.23,  754.40
  596.49,  763.40
  596.74,  754.60
  597.00,  764.20
  597.26,  759.80
  597.51,  757.60
  597.77,  756.20
  598.03,  755.60
  598.29,  759.80
  598.54,  759.20
  598.80,  753.00
  599.06,  754.40
  599.32,  755.60
  599.57,  754.40
  599.83,  755.20
  600.09,  764.60
  600.34,  759.40
  600.60,  761.80
  600.86,  756.60
  601.12,  756.60
  601.37,  760.40
  601.63,  760.40
  601.89,  751.40
  602.14,  754.60
  602.40,  755.20
  602.66,  757.60
  602.92,  758.00
  603.17,  757.20
  603.43,  758.00
  603.69,  760.80
  603.94,  756.80
  604.20,  758.80
  604.46,  750.20
  604.72,  755.60
  604.97,  756.80
  605.23,  757.60
  605.49,  758.80
  605.74,  762.20
  606.00,  757.80
  606.26,  759.60
  606.51,  753.80
  606.77,  760.20
  607.03,  755.00
  607.29,  759.80
  607.54,  759.00
  607.80,  758.00
  608.06,  755.00
  608.31,  756.40
  608.57,  754.40
  608.83,  755.60
  609.08,  761.80
  609.34,  763.40
  609.60,  763.80
  609.85,  763.80
  610.11,  755.40
  610.37,  756.60
  610.63,  755.60
  610.88,  758.80
  611.14,  755.80
  611.40,  753.80
  611.65,  755.40
  611.91,  756.80
  612.17,  753.60
  612.42,  754.60
  612.68,  754.00
  612.94,  760.60
  613.19,  757.40
  613.45,  756.00
  613.71,  758.00
  613.96,  755.80
  614.22,  757.60
  614.48,  757.60
  614.73,  757.00
  614.99,  759.80
  615.25,  757.20
  615.50,  753.80
  615.76,  754.60
  616.02,  752.00
  616.27,  755.40
  616.53,  754.80
  616.79,  757.80
  617.04,  758.00
  617.30,  750.60
  617.56,  757.40
  617.81,  757.60
  618.07,  754.40
  618.33,  758.40
  618.58,  756.20
  618.84,  758.00
  619.10,  755.40
  619.35,  757.40
  619.61,  751.80
  619.87,  752.40
  620.12,  757.80
  620.38,  761.80
  620.64,  763.60
  620.89,  757.20
  621.15,  756.40
  621.41,  757.40
  621.66,  759.00
  621.92,  761.00
  622.17,  754.40
  622.43,  762.80
  622.69,  760.20
  622.94,  757.40
  623.20,  758.20
  623.46,  759.20
  623.71,  753.80
  623.97,  754.20
  624.23,  758.40
  624.48,  756.00
  624.74,  758.80
  625.00,  754.80
  625.25,  756.80
  625.51,  757.00
  625.76,  751.60
  626.02,  761.40
  626.28,  755.40
  626.53,  753.40
  626.79,  758.80
  627.05,  758.80
  627.30,  760.60
  627.56,  755.80
  627.81,  757.00
  628.07,  753.60
  628.33,  762.00
  628.58,  756.80
  628.84,  754.40
  629.10,  759.00
  629.35,  757.00
  629.61,  754.00
  629.86,  761.20
  630.12,  757.60
  630.38,  759.40
  630.63,  754.60
  630.89,  763.80
  631.15,  760.00
  631.40,  752.60
  631.66,  752.20
  631.91,  753.00
  632.17,  759.60
  632.43,  756.80
  632.68,  759.20
  632.94,  757.20
  633.19,  754.80
  633.45,  755.00
  633.71,  755.60
  633.96,  757.80
  634.22,  754.80
  634.48,  756.00
  634.73,  755.60
  634.99,  755.40
  635.24,  761.20
  635.50,  756.60
  635.76,  760.80
  636.01,  757.40
  636.27,  759.80
  636.52,  760.40
  636.78,  756.80
  637.04,  756.40
  637.29,  761.20
  637.55,  756.80
  637.80,  755.00
  638.06,  757.00
  638.31,  756.20
  638.57,  753.00
  638.83,  757.60
  639.08,  754.00
  639.34,  757.00
  639.59,  756.80
  639.85,  755.60
  640.11,  756.80
  640.36,  755.00
  640.62,  760.20
  640.87,  758.00
  641.13,  763.60
  641.39,  755.40
  641.64,  758.60
  641.90,  760.60
  642.15,  758.00
  642.41,  754.60
  642.66,  755.40
  642.92,  754.80
  643.18,  754.00
  643.43,  763.40
  643.69,  759.80
  643.94,  755.40
  644.20,  748.80
  644.45,  757.20
  644.71,  760.00
  644.97,  757.00
  645.22,  757.80
  645.48,  754.80
  645.73,  750.40
  645.99,  758.00
  646.24,  755.40
  646.50,  759.40
  646.76,  757.00
  647.01,  756.40
  647.27,  760.00
  647.52,  756.00
  647.78,  752.80
  648.03,  754.80
  648.29,  754.00
  648.54,  761.20
  648.80,  754.60
  649.06,  754.20
  649.31,  760.40
  649.57,  762.80
  649.82,  757.20
  650.08,  756.40
  650.33,  761.00
  650.59,  759.60
  650.84,  755.00
  651.10,  755.80
  651.36,  757.20
  651.61,  756.80
  651.87,  757.20
  652.12,  755.80
  652.38,  759.00
  652.63,  753.40
  652.89,  757.00
  653.14,  753.20
  653.40,  752.00
  653.65,  758.00
  653.91,  760.60
  654.17,  756.80
  654.42,  760.40
  654.68,  756.60
  654.93,  756.20
  655.19,  757.20
  655.44,  757.60
  655.70,  755.20
  655.95,  752.40
  656.21,  755.60
  656.46,  759.80
  656.72,  757.00
  656.97,  752.60
  657.23,  757.60
  657.48,  757.40
  657.74,  759.00
  658.00,  764.80
  658.25,  753.80
  658.51,  761.40
  658.76,  758.20
  659.02,  756.80
  659.27,  753.60
  659.53,  757.20
  659.78,  761.40
  660.04,  759.40
  660.29,  755.80
  660.55,  756.40
  660.80,  763.20
  661.06,  760.00
  661.31,  760.00
  661.57,  758.80
  661.82,  761.80
  662.08,  762.20
  662.33,  762.00
  662.59,  760.40
  662.84,  759.00
  663.10,  757.00
  663.35,  757.20
  663.61,  758.80
  663.86,  759.40
  664.12,  757.20
  664.37,  757.40
  664.63,  755.00
  664.88,  761.80
  665.14,  761.80
  665.39,  753.00
  665.65,  754.20
  665.90,  751.80
  666.16,  760.60
  666.41,  760.80
  666.67,  760.60
  666.92,  754.40
  667.18,  756.20
  667.43,  753.80
  667.69,  758.00
  667.94,  758.40
  668.20,  754.80
  668.45,  756.00
  668.71,  764.60
  668.96,  756.20
  669.22,  759.00
  669.47,  751.80
  669.73,  757.00
  669.98,  758.80
  670.24,  755.40
  670.49,  755.60
  670.75,  760.00
  671.00,  756.60
  671.26,  757.00
  671.51,  761.40
  671.77,  760.00
  672.02,  758.00
  672.28,  756.60
  672.53,  756.20
  672.79,  763.40
  673.04,  756.80
  673.29,  758.00
  673.55,  760.00
  673.80,  758.60
  674.06,  757.40
  674.31,  766.80
  674.57,  763.40
  674.82,  759.20
  675.08,  762.80
  675.33,  760.00
  675.59,  762.80
  675.84,  755.60
  676.10,  757.80
  676.35,  763.80
  676.61,  757.00
  676.86,  755.20
  677.11,  754.60
  677.37,  760.80
  677.62,  758.00
  677.88,  759.60
  678.13,  762.40
  678.39,  758.80
  678.64,  759.00
  678.90,  760.00
  679.15,  762.80
  679.41,  763.80
  679.66,  759.60
  679.91,  760.40
  680.17,  760.60
  680.42,  757.20
  680.68,  756.80
  680.93,  762.20
  681.19,  759.20
  681.44,  757.40
  681.70,  760.40
  681.95,  763.80
  682.21,  759.40
  682.46,  759.20
  682.71,  757.60
  682.97,  759.20
  683.22,  762.40
  683.48,  765.40
  683.73,  761.60
  683.99,  767.80
  684.24,  754.80
  684.49,  758.00
  684.75,  763.00
  685.00,  754.80
  685.26,  752.60
  685.51,  762.80
  685.77,  759.60
  686.02,  757.40
  686.27,  756.20
  686.53,  755.60
  686.78,  758.40
  687.04,  762.00
  687.29,  761.00
  687.55,  766.20
  687.80,  768.20
  688.05,  764.00
  688.31,  755.80
  688.56,  759.20
  688.82,  754.20
  689.07,  759.60
  689.33,  762.20
  689.58,  762.40
  689.83,  758.60
  690.09,  757.20
  690.34,  762.60
  690.60,  762.20
  690.85,  753.20
  691.10,  760.60
  691.36,  765.80
  691.61,  763.60
  691.87,  760.20
  692.12,  762.00
  692.37,  770.40
  692.63,  762.60
  692.88,  764.40
  693.14,  759.40
  693.39,  757.60
  693.65,  759.40
  693.90,  757.40
  694.15,  758.80
  694.41,  765.00
  694.66,  756.60
  694.92,  768.80
  695.17,  761.60
  695.42,  754.40
  695.68,  762.60
  695.93,  763.00
  696.19,  762.40
  696.44,  761.20
  696.69,  760.20
  696.95,  756.80
  697.20,  760.00
  697.45,  755.20
  697.71,  764.20
  697.96,  765.60
  698.22,  760.60
  698.47,  754.40
  698.72,  755.00
  698.98,  759.20
  699.23,  766.20
  699.49,  761.80
  699.74,  765.40
  699.99,  755.40
  700.25,  761.40
  700.50,  761.00
  700.75,  761.20
  701.01,  762.00
  701.26,  759.00
  701.52,  758.60
  701.77,  757.60
  702.02,  757.80
  702.28,  760.60
  702.53,  760.00
  702.78,  763.40
  703.04,  761.60
  703.29,  762.40
  703.55,  763.80
  703.80,  762.00
  704.05,  758.60
  704.31,  757.60
  704.56,  759.40
  704.81,  753.80
  705.07,  759.80
  705.32,  765.20
  705.57,  757.00
  705.83,  758.20
  706.08,  761.20
  706.34,  758.00
  706.59,  762.80
  706.84,  760.80
  707.10,  760.40
  707.35,  764.00
  707.60,  764.40
  707.86,  764.00
  708.11,  766.00
  708.36,  760.40
  708.62,  765.00
  708.87,  760.40
  709.12,  760.60
  709.38,  758.20
  709.63,  761.80
  709.88,  757.60
  710.14,  758.40
  710.39,  756.40
  710.65,  757.40
  710.90,  767.00
  711.15,  757.80
  711.41,  761.60
  711.66,  762.80
  711.91,  763.80
  712.17,  763.40
  712.42,  766.00
  712.67,  764.80
  712.93,  767.20
  713.18,  760.00
  713.43,  757.20
  713.69,  762.00
  713.94,  765.00
  714.19,  764.00
  714.45,  766.20
  714.70,  764.20
  714.95,  762.00
  715.21,  762.20
  715.46,  765.00
  715.71,  762.00
  715.97,  765.00
  716.22,  763.80
  716.47,  765.00
  716.73,  764.20
  716.98,  761.60
  717.23,  766.80
  717.48,  762.00
  717.74,  762.80
  717.99,  762.80
  718.24,  761.60
  718.50,  760.20
  718.75,  757.80
  719.00,  768.40
  719.26,  761.00
  719.51,  760.60
  719.76,  762.60
  720.02,  769.40
  720.27,  761.60
  720.52,  761.00
  720.78,  757.40
  721.03,  765.60
  721.28,  765.40
  721.53,  763.60
  721.79,  764.40
  722.04,  761.00
  722.29,  763.40
  722.55,  761.20
  722.80,  762.20
  723.05,  761.00
  723.31,  766.60
  723.56,  761.80
  723.81,  765.20
  724.07,  771.00
  724.32,  763.20
  724.57,  760.20
  724.82,  762.80
  725.08,  762.60
  725.33,  765.20
  725.58,  769.80
  725.84,  760.60
  726.09,  763.20
  726.34,  759.20
  726.59,  766.00
  726.85,  767.00
  727.10,  764.20
  727.35,  768.40
  727.61,  766.60
  727.86,  761.80
  728.11,  760.60
  728.36,  763.80
  728.62,  765.40
  728.87,  762.00
  729.12,  765.20
  729.38,  756.60
  729.63,  757.40
  729.88,  761.60
  730.13,  759.40
  730.39,  761.40
  730.64,  761.80
  730.89,  762.40
  731.14,  764.40
  731.40,  762.40
  731.65,  765.40
  731.90,  763.00
  732.16,  763.60
  732.41,  764.00
  732.66,  766.60
  732.91,  763.80
  733.17,  768.00
  733.42,  760.40
  733.67,  765.80
  733.92,  759.00
  734.18,  766.40
  734.43,  764.20
  734.68,  771.00
  734.93,  758.60
  735.19,  767.00
  735.44,  764.60
  735.69,  763.00
  735.94,  758.00
  736.20,  764.40
  736.45,  764.40
  736.70,  765.80
  736.95,  765.00
  737.21,  763.40
  737.46,  763.00
  737.71,  763.60
  737.96,  758.00
  738.22,  757.40
  738.47,  758.00
  738.72,  764.40
  738.97,  758.20
  739.23,  762.20
  739.48,  759.40
  739.73,  765.00
  739.98,  763.00
  740.24,  766.60
  740.49,  761.60
  740.74,  761.20
  740.99,  766.00
  741.25,  767.20
  741.50,  761.60
  741.75,  764.40
  742.00,  759.80
  742.26,  761.40
  742.51,  768.20
  742.76,  766.00
  743.01,  766.20
  743.26,  758.20
  743.52,  761.40
  743.77,  767.80
  744.02,  758.80
  744.27,  765.80
  744.53,  762.60
  744.78,  762.20
  745.03,  762.80
  745.28,  765.20
  745.53,  762.00
  745.79,  765.80
  746.04,  764.00
  746.29,  766.40
  746.54,  764.20
  746.80,  762.60
  747.05,  763.20
  747.30,  765.20
  747.55,  762.80
  747.80,  764.20
  748.06,  762.20
  748.31,  759.20
  748.56,  762.80
  748.81,  768.40
  749.06,  766.00
  749.32,  761.20
  749.57,  762.60
  749.82,  766.20
  750.07,  762.40
  750.33,  762.60
  750.58,  768.80
  750.83,  767.20
  751.08,  764.80
  751.33,  763.80
  751.59,  763.60
  751.84,  764.60
  752.09,  767.20
  752.34,  761.40
  752.59,  764.00
  752.85,  760.40
  753.10,  761.40
  753.35,  763.40
  753.60,  765.60
  753.85,  766.80
  754.10,  764.80
  754.36,  768.20
  754.61,  761.00
  754.86,  762.80
  755.11,  761.80
  755.36,  767.40
  755.62,  762.40
  755.87,  767.40
  756.12,  763.60
  756.37,  761.20
  756.62,  758.60
  756.87,  765.20
  757.13,  765.20
  757.38,  762.40
  757.63,  765.00
  757.88,  767.40
  758.13,  764.60
  758.39,  765.40
  758.64,  754.40
  758.89,  765.40
  759.14,  761.40
  759.39,  765.20
  759.64,  763.60
  759.90,  762.20
  760.15,  763.40
  760.40,  770.60
  760.65,  760.80
  760.90,  758.80
  761.15,  762.80
  761.41,  763.80
  761.66,  764.40
  761.91,  768.40
  762.16,  761.20
  762.41,  764.40
  762.66,  766.00
  762.92,  762.60
  763.17,  763.40
  763.42,  760.80
  763.67,  760.80
  763.92,  764.80
  764.17,  767.80
  764.42,  763.60
  764.68,  762.80
  764.93,  767.60
  765.18,  763.80
  765.43,  757.60
  765.68,  763.20
  765.93,  763.00
  766.19,  761.20
  766.44,  760.00
  766.69,  764.40
  766.94,  764.20
  767.19,  767.80
  767.44,  764.20
  767.69,  763.60
  767.95,  762.80
  768.20,  758.80
  768.45,  762.00
  768.70,  766.00
  768.95,  768.40
  769.20,  765.60
  769.45,  763.20
  769.71,  760.40
  769.96,  757.20
  770.21,  760.60
  770.46,  758.60
  770.71,  763.60
  770.96,  761.40
  771.21,  762.60
  771.46,  764.60
  771.72,  757.80
  771.97,  764.20
  772.22,  762.60
  772.47,  764.60
  772.72,  757.60
  772.97,  760.00
  773.22,  760.20
  773.47,  760.60
  773.73,  762.00
  773.98,  760.80
  774.23,  765.60
  774.48,  765.20
  774.73,  761.80
  774.98,  764.00
  775.23,  764.00
  775.48,  765.00
  775.73,  760.60
  775.99,  763.00
  776.24,  758.60
  776.49,  763.00
  776.74,  765.40
  776.99,  764.80
  777.24,  766.00
  777.49,  758.40
  777.74,  764.40
  777.99,  757.60
  778.25,  763.20
  778.50,  760.80
  778.75,  761.00
  779.00,  760.20
  779.25,  762.00
  779.50,  770.40
  779.75,  764.80
  780.00,  763.80
  780.25,  759.80
  780.50,  760.40
  780.76,  759.80
  781.01,  767.80
  781.26,  761.00
  781.51,  762.00
  781.76,  764.40
  782.01,  763.20
  782.26,  764.00
  782.51,  763.40
  782.76,  761.00
  783.01,  754.40
  783.26,  765.60
  783.52,  757.80
  783.77,  764.80
  784.02,  759.40
  784.27,  759.00
  784.52,  768.40
  784.77,  761.80
  785.02,  762.80
  785.27,  761.20
  785.52,  762.40
  785.77,  762.60
  786.02,  763.80
  786.27,  763.80
  786.52,  760.40
  786.78,  754.20
  787.03,  763.40
  787.28,  762.00
  787.53,  764.80
  787.78,  767.80
  788.03,  767.40
  788.28,  761.80
  788.53,  763.00
  788.78,  762.60
  789.03,  762.80
  789.28,  761.40
  789.53,  762.00
  789.78,  766.60
  790.03,  763.00
  790.28,  760.00
  790.54,  762.60
  790.79,  765.40
  791.04,  762.60
  791.29,  762.40
  791.54,  766.20
  791.79,  766.00
  792.04,  762.80
  792.29,  756.60
  792.54,  757.80
  792.79,  761.80
  793.04,  759.80
  793.29,  762.60
  793.54,  760.00
  793.79,  766.00
  794.04,  767.60
  794.29,  765.40
  794.54,  758.60
  794.79,  758.40
  795.04,  760.20
  795.29,  762.80
  795.54,  764.00
  795.80,  761.80
  796.05,  762.00
  796.30,  759.80
  796.55,  757.20
  796.80,  760.20
  797.05,  761.80
  797.30,  768.00
  797.55,  757.80
  797.80,  767.00
  798.05,  769.00
  798.30,  762.20
  798.55,  768.80
  798.80,  759.20
  799.05,  758.80
  799.30,  760.00
  799.55,  762.20
  799.80,  762.80
  800.05,  754.00
  800.30,  760.00
  800.55,  756.60
  800.80,  762.60
  801.05,  764.80
  801.30,  758.20
  801.55,  760.20
  801.80,  756.00
  802.05,  757.20
  802.30,  757.60
  802.55,  756.80
  802.80,  761.80
  803.05,  763.20
  803.30,  760.40
  803.55,  765.00
  803.80,  763.20
  804.05,  762.00
  804.30,  766.40
  804.55,  767.20
  804.80,  759.60
  805.05,  762.20
  805.30,  760.00
  805.55,  763.40
  805.80,  762.80
  806.05,  762.60
  806.30,  756.80
  806.55,  761.00
  806.80,  757.00
  807.05,  766.40
  807.30,  760.60
  807.55,  761.00
  807.80,  761.00
  808.05,  760.00
  808.30,  762.60
  808.55,  756.20
  808.80,  757.00
  809.05,  759.00
  809.30,  759.80
  809.55,  763.40
  809.80,  759.60
  810.05,  766.80
  810.30,  768.60
  810.55,  764.80
  810.80,  769.00
  811.05,  758.20
  811.30,  764.80
  811.55,  763.60
  811.80,  762.00
  812.05,  764.40
  812.30,  754.60
  812.55,  759.80
  812.80,  762.00
  813.05,  759.80
  813.30,  757.80
  813.55,  763.60
  813.80,  758.60
  814.05,  761.40
  814.30,  759.80
  814.55,  764.20
  814.80,  758.80
  815.05,  761.00
  815.30,  758.80
  815.55,  765.40
  815.80,  756.60
  816.05,  758.00
  816.30,  762.00
  816.55,  757.60
  816.80,  761.20
  817.05,  759.40
  817.30,  764.20
  817.55,  759.40
  817.79,  762.20
  818.04,  761.40
  818.29,  763.40
  818.54,  758.80
  818.79,  760.00
  819.04,  764.40
  819.29,  757.00
  819.54,  755.80
  819.79,  756.00
  820.04,  762.20
  820.29,  759.00
  820.54,  760.00
  820.79,  755.20
  821.04,  760.00
  821.29,  758.00
  821.54,  763.60
  821.79,  762.60
  822.04,  758.80
  822.29,  760.20
  822.54,  764.60
  822.78,  755.80
  823.03,  764.60
  823.28,  755.40
  823.53,  758.00
  823.78,  758.60
  824.03,  762.20
  824.28,  758.40
  824.53,  758.80
  824.78,  758.20
  825.03,  759.60
  825.28,  758.00
  825.53,  759.20
  825.78,  761.20
  826.03,  756.20
  826.28,  757.80
  826.52,  755.40
  826.77,  758.40
  827.02,  760.40
  827.27,  753.60
  827.52,  761.00
  827.77,  758.20
  828.02,  758.80
  828.27,  760.40
  828.52,  758.00
  828.77,  751.20
  829.02,  757.00
  829.27,  756.20
  829.52,  754.80
  829.76,  755.20
  830.01,  755.20
  830.26,  756.60
  830.51,  751.00
  830.76,  764.00
  831.01,  768.40
  831.26,  759.40
  831.51,  761.40
  831.76,  760.00
  832.01,  762.00
  832.26,  762.00
  832.50,  756.20
  832.75,  755.20
  833.00,  762.00
  833.25,  755.80
  833.50,  756.60
  833.75,  754.80
  834.00,  759.40
  834.25,  759.40
  834.50,  757.80
  834.75,  758.00
  834.99,  763.20
  835.24,  761.60
  835.49,  764.00
  835.74,  759.60
  835.99,  763.60
  836.24,  755.80
  836.49,  757.20
  836.74,  753.40
  836.99,  758.00
  837.23,  761.40
  837.48,  756.40
  837.73,  756.20
  837.98,  757.20
  838.23,  760.60
  838.48,  758.40
  838.73,  757.00
  838.98,  761.00
  839.23,  756.40
  839.47,  765.00
  839.72,  752.00
  839.97,  757.40
  840.22,  764.00
  840.47,  759.60
  840.72,  755.20
  840.97,  764.00
  841.22,  757.60
  841.46,  762.00
  841.71,  764.20
  841.96,  757.40
  842.21,  759.40
  842.46,  758.00
  842.71,  760.60
  842.96,  764.00
  843.20,  757.40
  843.45,  761.40
  843.70,  760.60
  843.95,  758.20
  844.20,  750.40
  844.45,  752.60
  844.70,  755.60
  844.94,  758.60
  845.19,  759.20
  845.44,  762.00
  845.69,  751.20
  845.94,  757.80
  846.19,  760.60
  846.44,  763.60
  846.68,  760.60
  846.93,  761.60
  847.18,  757.80
  847.43,  760.80
  847.68,  754.80
  847.93,  762.80
  848.18,  755.20
  848.42,  755.40
  848.67,  758.80
  848.92,  761.00
  849.17,  752.80
  849.42,  758.80
  849.67,  758.00
  849.91,  762.20
  850.16,  757.40
  850.41,  758.00
  850.66,  760.20
  850.91,  759.40
  851.16,  754.00
  851.40,  753.20
  851.65,  758.40
  851.90,  751.80
  852.15,  759.60
  852.40,  762.40
  852.65,  759.60
  852.89,  757.00
  853.14,  760.80
  853.39,  755.20
  853.64,  754.00
  853.89,  757.20
  854.14,  760.40
  854.38,  761.20
  854.63,  757.20
  854.88,  760.20
  855.13,  755.00
  855.38,  756.40
  855.63,  756.40
  855.87,  758.80
  856.12,  764.00
  856.37,  761.80
  856.62,  752.40
  856.87,  763.40
  857.11,  756.60
  857.36,  754.60
  857.61,  752.20
  857.86,  760.40
  858.11,  763.20
  858.35,  760.60
  858.60,  762.00
  858.85,  756.80
  859.10,  757.40
  859.35,  757.20
  859.59,  756.80
  859.84,  759.40
  860.09,  754.40
  860.34,  760.60
  860.59,  756.40
  860.83,  761.40
  861.08,  756.60
  861.33,  763.40
  861.58,  761.00
  861.83,  758.80
  862.07,  759.00
  862.32,  758.00
  862.57,  758.40
  862.82,  759.80
  863.07,  757.20
  863.31,  756.40
  863.56,  753.20
  863.81,  763.00
  864.06,  760.00
  864.31,  760.60
  864.55,  757.40
  864.80,  759.20
  865.05,  759.00
  865.30,  756.00
  865.54,  753.00
  865.79,  759.20
  866.04,  761.60
  866.29,  757.60
  866.54,  763.60
  866.78,  754.40
  867.03,  761.20
  867.28,  761.00
  867.53,  752.40
  867.77,  755.20
  868.02,  753.40
  868.27,  759.00
  868.52,  763.00
  868.77,  762.60
  869.01,  759.80
  869.26,  758.40
  869.51,  758.80
  869.76,  761.80
  870.00,  759.40
  870.25,  756.20
  870.50,  757.40
  870.75,  754.60
  870.99,  755.60
  871.24,  754.60
  871.49,  755.20
  871.74,  760.40
  871.98,  755.40
  872.23,  762.80
  872.48,  755.20
  872.73,  756.60
  872.97,  756.20
  873.22,  758.80
  873.47,  758.60
  873.72,  757.60
  873.96,  753.40
  874.21,  757.20
  874.46,  751.60
  874.71,  757.20
  874.95,  760.80
  875.20,  755.80
  875.45,  757.00
  875.70,  757.80
  875.94,  752.80
  876.19,  757.80
  876.44,  750.20
  876.69,  756.20
  876.93,  759.60
  877.18,  761.20
  877.43,  762.40
  877.68,  761.00
  877.92,  758.20
  878.17,  761.00
  878.42,  755.40
  878.67,  754.60
  878.91,  756.20
  879.16,  752.40
  879.41,  752.60
  879.65,  757.60
  879.90,  763.00
  880.15,  760.40
  880.40,  761.00
  880.64,  751.80
  880.89,  759.20
  881.14,  759.40
  881.39,  762.40
  881.63,  759.00
  881.88,  754.40
  882.13,  758.80
  882.37,  755.60
  882.62,  762.00
  882.87,  757.40
  883.12,  757.40
  883.36,  760.60
  883.61,  759.60
  883.86,  761.40
  884.10,  756.20
  884.35,  754.80
  884.60,  761.00
  884.85,  757.60
  885.09,  763.00
  885.34,  755.20
  885.59,  753.80
  885.83,  759.00
  886.08,  756.20
  886.33,  758.80
  886.57,  760.40
  886.82,  752.60
  887.07,  760.00
  887.32,  759.60
  887.56,  755.60
  887.81,  759.20
  888.06,  757.80
  888.30,  756.20
  888.55,  760.60
  888.80,  756.80
  889.04,  756.40
  889.29,  757.60
  889.54,  754.40
  889.78,  761.20
  890.03,  757.00
  890.28,  758.20
  890.53,  755.80
  890.77,  757.40
  891.02,  756.00
  891.27,  761.20
  891.51,  754.60
  891.76,  758.20
  892.01,  756.60
  892.25,  753.80
  892.50,  758.40
  892.75,  759.20
  892.99,  763.00
  893.24,  763.00
  893.49,  751.80
  893.73,  756.00
  893.98,  756.00
  894.23,  756.00
  894.47,  760.60
  894.72,  763.00
  894.97,  759.80
  895.21,  752.00
  895.46,  759.00
  895.71,  752.60
  895.95,  756.20
  896.20,  756.00
  896.45,  762.00
  896.69,  761.20
  896.94,  756.20
  897.19,  758.20
  897.43,  757.00
  897.68,  757.60
  897.93,  759.40
  898.17,  753.40
  898.42,  762.60
  898.67,  756.20
  898.91,  762.60
  899.16,  756.60
  899.41,  763.60
  899.65,  758.80
  899.90,  760.40
  900.15,  759.60
  900.39,  757.00
  900.64,  754.20
  900.89,  757.60
  901.13,  760.80
  901.38,  762.20
  901.62,  754.00
  901.87,  759.20
  902.12,  761.60
  902.36,  759.40
  902.61,  758.60
  902.86,  765.00
  903.10,  753.40
  903.35,  758.60
  903.60,  753.20
  903.84,  760.00
  904.09,  752.00
  904.33,  755.60
  904.58,  747.80
  904.83,  763.40
  905.07,  754.40
  905.32,  753.80
  905.57,  753.00
  905.81,  761.00
  906.06,  763.40
  906.30,  761.80
  906.55,  764.80
  906.80,  756.20
  907.04,  761.20
  907.29,  755.20
  907.54,  757.00
  907.78,  759.40
  908.03,  756.40
  908.27,  760.80
  908.52,  760.40
  908.77,  762.40
  909.01,  756.20
  909.26,  760.40
  909.51,  752.20
  909.75,  754.40
  910.00,  752.20
  910.24,  758.20
  910.49,  755.00
  910.74,  759.20
  910.98,  756.60
  911.23,  763.80
  911.47,  761.60
  911.72,  758.60
  911.97,  761.60
  912.21,  761.80
  912.46,  755.60
  912.70,  760.80
  912.95,  757.00
  913.20,  763.80
  913.44,  755.80
  913.69,  760.40
  913.93,  753.00
  914.18,  766.60
  914.43,  757.20
  914.67,  757.00
  914.92,  759.20
  915.16,  758.60
  915.41,  756.80
  915.66,  758.80
  915.90,  762.60
  916.15,  765.20
  916.39,  757.00
  916.64,  752.60
  916.88,  754.60
  917.13,  761.00
  917.38,  752.80
  917.62,  757.60
  917.87,  754.20
  918.11,  760.80
  918.36,  762.80
  918.61,  757.20
  918.85,  759.80
  919.10,  755.60
  919.34,  760.60
  919.59,  754.60
  919.83,  760.20
  920.08,  751.00
  920.33,  761.80
  920.57,  758.40
  920.82,  759.60
  921.06,  759.80
  921.31,  756.00
  921.55,  756.20
  921.80,  754.60
  922.05,  759.00
  922.29,  754.80
  922.54,  754.60
  922.78,  754.60
  923.03,  763.00
  923.27,  756.00
  923.52,  763.00
  923.76,  758.60
  924.01,  766.20
  924.26,  761.40
  924.50,  763.60
  924.75,  758.00
  924.99,  761.00
  925.24,  760.60
  925.48,  758.80
  925.73,  755.60
  925.97,  762.60
  926.22,  755.20
  926.47,  760.40
  926.71,  754.80
  926.96,  763.20
  927.20,  762.60
  927.45,  758.60
  927.69,  760.80
  927.94,  757.00
  928.18,  762.80
  928.43,  760.00
  928.67,  764.60
  928.92,  752.20
  929.17,  761.40
  929.41,  760.40
  929.66,  760.40
  929.90,  763.20
  930.15,  751.60
  930.39,  757.80
  930.64,  754.60
  930.88,  766.00
  931.13,  762.20
  931.37,  758.60
  931.62,  761.00
  931.86,  758.20
  932.11,  759.00
  932.35,  766.80
  932.60,  760.20
  932.84,  762.00
  933.09,  760.40
  933.33,  760.20
  933.58,  762.00
  933.83,  757.80
  934.07,  763.60
  934.32,  760.20
  934.56,  760.00
  934.81,  761.80
  935.05,  760.80
  935.30,  757.00
  935.54,  761.40
  935.79,  758.60
  936.03,  762.40
  936.28,  758.40
  936.52,  757.80
  936.77,  761.80
  937.01,  761.40
  937.26,  758.00
  937.50,  759.20
  937.75,  755.80
  937.99,  753.80
  938.24,  753.80
  938.48,  760.60
  938.73,  758.60
  938.97,  765.00
  939.22,  758.40
  939.46,  762.20
  939.71,  762.20
  939.95,  759.00
  940.20,  760.20
  940.44,  761.60
  940.69,  760.80
  940.93,  756.80
  941.18,  758.80
  941.42,  768.00
  941.67,  760.40
  941.91,  760.80
  942.16,  756.00
  942.40,  763.00
  942.65,  762.60
  942.89,  759.60
  943.14,  760.20
  943.38,  760.00
  943.63,  764.40
  943.87,  760.00
  944.11,  760.60
  944.36,  760.20
  944.60,  762.60
  944.85,  758.00
  945.09,  762.60
  945.34,  758.40
  945.58,  761.20
  945.83,  760.60
  946.07,  764.80
  946.32,  761.60
  946.56,  760.40
  946.81,  758.80
  947.05,  757.20
  947.30,  766.80
  947.54,  757.40
  947.79,  759.00
  948.03,  758.20
  948.27,  762.00
  948.52,  759.80
  948.76,  758.80
  949.01,  763.80
  949.25,  759.00
  949.50,  764.20
  949.74,  758.00
  949.99,  758.20
  950.23,  762.60
  950.48,  764.20
  950.72,  763.40
  950.96,  760.60
  951.21,  757.80
  951.45,  755.20
  951.70,  755.00
  951.94,  759.60
  952.19,  762.00
  952.43,  759.40
  952.68,  755.40
  952.92,  757.40
  953.16,  756.80
  953.41,  765.40
  953.65,  761.20
  953.90,  761.40
  954.14,  764.40
  954.39,  763.40
  954.63,  764.60
  954.88,  759.80
  955.12,  757.60
  955.36,  753.40
  955.61,  764.60
  955.85,  766.00
  956.10,  761.20
  956.34,  762.40
  956.59,  763.20
  956.83,  761.60
  957.07,  760.60
  957.32,  762.80
  957.56,  762.20
  957.81,  761.40
  958.05,  762.20
  958.30,  760.00
  958.54,  760.20
  958.78,  755.40
  959.03,  762.40
  959.27,  758.80
  959.52,  761.40
  959.76,  761.40
  960.01,  764.20
  960.25,  765.40
  960.49,  757.40
  960.74,  760.80
  960.98,  760.80
  961.23,  765.40
  961.47,  761.00
  961.71,  759.40
  961.96,  756.00
  962.20,  757.40
  962.45,  765.80
  962.69,  756.00
  962.93,  760.80
  963.18,  761.80
  963.42,  760.80
  963.67,  765.20
  963.91,  761.40
  964.15,  763.40
  964.40,  757.00
  964.64,  763.60
  964.89,  763.80
  965.13,  768.40
  965.37,  758.20
  965.62,  756.80
  965.86,  758.00
  966.11,  760.20
  966.35,  767.60
  966.59,  758.20
  966.84,  761.00
  967.08,  763.60
  967.33,  764.00
  967.57,  764.80
  967.81,  755.20
  968.06,  760.40
  968.30,  758.20
  968.54,  759.80
  968.79,  761.80
  969.03,  766.80
  969.28,  760.60
  969.52,  759.20
  969.76,  766.80
  970.01,  764.20
  970.25,  765.20
  970.49,  761.60
  970.74,  761.00
  970.98,  768.20
  971.23,  758.80
  971.47,  760.60
  971.71,  770.20
  971.96,  767.00
  972.20,  759.40
  972.44,  760.80
  972.69,  760.80
  972.93,  766.40
  973.18,  764.40
  973.42,  757.60
  973.66,  756.20
  973.91,  761.80
  974.15,  763.80
  974.39,  764.40
  974.64,  759.80
  974.88,  758.00
  975.12,  762.20
  975.37,  765.40
  975.61,  764.40
  975.85,  759.40
  976.10,  757.60
  976.34,  763.20
  976.59,  760.00
  976.83,  761.20
  977.07,  765.20
  977.32,  767.00
  977.56,  764.00
  977.80,  761.60
  978.05,  762.80
  978.29,  759.80
  978.53,  765.40
  978.78,  761.60
  979.02,  767.40
  979.26,  761.80
  979.51,  764.60
  979.75,  762.60
  979.99,  760.60
  980.24,  758.40
  980.48,  759.60
  980.72,  758.20
  980.97,  764.40
  981.21,  759.20
  981.45,  755.00
  981.70,  761.60
  981.94,  759.20
  982.18,  762.40
  982.43,  760.40
  982.67,  764.80
  982.91,  759.40
  983.16,  766.20
  983.40,  766.60
  983.64,  761.00
  983.89,  762.60
  984.13,  762.00
  984.37,  763.60
  984.62,  764.40
  984.86,  763.60
  985.10,  767.40
  985.34,  764.00
  985.59,  768.40
  985.83,  756.40
  986.07,  767.20
  986.32,  764.40
  986.56,  763.20
  986.80,  767.00
  987.05,  765.80
  987.29,  759.60
  987.53,  761.40
  987.78,  759.00
  988.02,  764.00
  988.26,  764.60
  988.50,  762.20
  988.75,  762.00
  988.99,  757.40
  989.23,  764.60
  989.48,  766.40
  989.72,  761.40
  989.96,  762.80
  990.21,  761.80
  990.45,  765.00
  990.69,  767.40
  990.93,  767.20
  991.18,  757.00
  991.42,  762.20
  991.66,  762.40
  991.91,  759.60
  992.15,  754.60
  992.39,  758.00
  992.63,  760.60
  992.88,  761.60
  993.12,  758.00
  993.36,  764.00
  993.61,  765.20
  993.85,  763.00
  994.09,  760.20
  994.33,  763.00
  994.58,  761.60
  994.82,  761.00
  995.06,  764.20
  995.31,  761.40
  995.55,  759.20
  995.79,  763.40
  996.03,  760.20
  996.28,  763.40
  996.52,  758.60
  996.76,  764.60
  997.00,  766.80
  997.25,  769.60
  997.49,  760.80
  997.73,  762.60
  997.97,  758.60
  998.22,  764.80
  998.46,  765.60
  998.70,  769.80
  998.95,  763.60
  999.19,  763.20
  999.43,  763.60
  999.67,  760.40
  999.92,  758.20
 1000.16,  765.60
 1000.40,  763.40
 1000.64,  761.20
 1000.89,  756.80
 1001.13,  762.80
 1001.37,  764.80
 1001.61,  767.40
 1001.86,  762.00
 1002.10,  767.20
 1002.34,  768.40
 1002.58,  763.80
 1002.83,  763.20
 1003.07,  765.20
 1003.31,  764.20
 1003.55,  767.00
 1003.80,  761.20
 1004.04,  766.00
 1004.28,  763.60
 1004.52,  762.80
 1004.76,  766.00
 1005.01,  763.20
 1005.25,  757.60
 1005.49,  761.40
 1005.73,  762.60
 1005.98,  754.60
 1006.22,  764.20
 1006.46,  765.00
 1006.70,  764.60
 1006.95,  761.80
 1007.19,  765.80
 1007.43,  760.80
 1007.67,  766.00
 1007.91,  760.20
 1008.16,  765.60
 1008.40,  770.20
 1008.64,  767.40
 1008.88,  764.00
 1009.13,  760.40
 1009.37,  766.20
 1009.61,  765.40
 1009.85,  769.40
 1010.09,  768.40
 1010.34,  764.60
 1010.58,  764.80
 1010.82,  754.00
 1011.06,  766.00
 1011.31,  761.80
 1011.55,  762.60
 1011.79,  758.40
 1012.03,  761.20
 1012.27,  764.20
 1012.52,  764.60
 1012.76,  766.80
 1013.00,  764.60
 1013.24,  761.40
 1013.48,  764.00
 1013.73,  762.80
 1013.97,  761.20
 1014.21,  758.80
 1014.45,  763.80
 1014.69,  768.80
 1014.94,  763.20
 1015.18,  763.00
 1015.42,  761.40
 1015.66,  757.20
 1015.90,  762.80
 1016.15,  764.40
 1016.39,  756.20
 1016.63,  758.80
 1016.87,  761.20
 1017.11,  760.40
 1017.35,  765.20
 1017.60,  767.40
 1017.84,  765.20
 1018.08,  762.40
 1018.32,  765.40
 1018.56,  765.60
 1018.81,  762.20
 1019.05,  767.20
 1019.29,  762.00
 1019.53,  762.60
 1019.77,  756.60
 1020.01,  760.60
 1020.26,  753.60
 1020.50,  760.80
 1020.74,  764.40
 1020.98,  763.60
 1021.22,  756.00
 1021.46,  759.00
 1021.71,  761.00
 1021.95,  760.80
 1022.19,  760.20
 1022.43,  766.00
 1022.67,  759.80
 1022.91,  761.00
 1023.16,  760.20
 1023.40,  758.20
 1023.64,  763.20
 1023.88,  763.60
 1024.12,  759.80
 1024.36,  754.80
 1024.61,  764.60
 1024.85,  766.40
 1025.09,  758.40
 1025.33,  764.20
 1025.57,  760.60
 1025.81,  762.40
 1026.05,  764.00
 1026.30,  763.60
 1026.54,  757.80
 1026.78,  763.60
 1027.02,  758.00
 1027.26,  759.80
 1027.50,  761.60
 1027.75,  763.40
 1027.99,  766.80
 1028.23,  760.20
 1028.47,  761.20
 1028.71,  762.40
 1028.95,  764.60
 1029.19,  756.80
 1029.43,  766.00
 1029.68,  766.80
 1029.92,  759.80
 1030.16,  759.60
 1030.40,  759.20
 1030.64,  765.40
 1030.88,  759.60
 1031.12,  755.00
 1031.37,  763.00
 1031.61,  761.40
 1031.85,  762.00
 1032.09,  762.80
 1032.33,  762.20
 1032.57,  766.60
 1032.81,  763.60
 1033.05,  756.80
 1033.30,  763.20
 1033.54,  765.80
 1033.78,  761.60
 1034.02,  759.60
 1034.26,  764.20
 1034.50,  760.20
 1034.74,  758.20
 1034.98,  763.80
 1035.22,  762.20
 1035.47,  762.60
 1035.71,  763.00
 1035.95,  762.80
 1036.19,  759.40
 1036.43,  761.80
 1036.67,  766.20
 1036.91,  762.60
 1037.15,  756.00
 1037.39,  767.40
 1037.64,  761.40
 1037.88,  764.60
 1038.12,  765.00
 1038.36,  759.00
 1038.60,  759.40
 1038.84,  762.80
 1039.08,  756.40
 1039.32,  765.40
 1039.56,  752.60
 1039.80,  762.80
 1040.04,  767.20
 1040.29,  760.60
 1040.53,  763.00
 1040.77,  765.60
 1041.01,  763.20
 1041.25,  766.60
 1041.49,  758.80
 1041.73,  760.40
 1041.97,  763.00
 1042.21,  768.60
 1042.45,  764.20
 1042.69,  763.60
 1042.94,  762.80
 1043.18,  760.20
 1043.42,  756.60
 1043.66,  758.80
 1043.90,  764.20
 1044.14,  763.60
 1044.38,  760.80
 1044.62,  757.40
 1044.86,  757.40
 1045.10,  762.40
 1045.34,  759.00
 1045.58,  757.60
 1045.82,  764.20
 1046.06,  761.20
 1046.31,  758.20
 1046.55,  762.60
 1046.79,  762.20
 1047.03,  758.40
 1047.27,  759.40
 1047.51,  763.80
 1047.75,  756.40
 1047.99,  758.60
 1048.23,  761.80
 1048.47,  762.80
 1048.71,  761.20
 1048.95,  761.00
 1049.19,  757.00
 1049.43,  761.40
 1049.67,  764.20
 1049.91,  766.60
 1050.15,  761.00
 1050.40,  756.40
 1050.64,  762.00
 1050.88,  766.60
 1051.12,  759.00
 1051.36,  760.00
 1051.60,  763.40
 1051.84,  764.60
 1052.08,  759.00
 1052.32,  752.40
 1052.56,  755.80
 1052.80,  767.00
 1053.04,  763.60
 1053.28,  758.20
 1053.52,  760.20
 1053.76,  759.60
 1054.00,  761.40
 1054.24,  763.20
 1054.48,  758.60
 1054.72,  764.40
 1054.96,  765.80
 1055.20,  760.00
 1055.44,  765.40
 1055.68,  762.40
 1055.92,  765.40
 1056.16,  762.40
 1056.40,  763.20
 1056.64,  763.00
 1056.89,  765.20
 1057.13,  762.00
 1057.37,  763.20
 1057.61,  755.60
 1057.85,  759.60
 1058.09,  757.20
 1058.33,  760.60
 1058.57,  761.20
 1058.81,  759.00
 1059.05,  765.80
 1059.29,  759.80
 1059.53,  764.20
 1059.77,  758.60
 1060.01,  758.60
 1060.25,  763.80
 1060.49,  762.60
 1060.73,  760.60
 1060.97,  756.80
 1061.21,  756.40
 1061.45,  758.80
 1061.69,  762.20
 1061.93,  760.80
 1062.17,  757.80
 1062.41,  758.40
 1062.65,  758.00
 1062.89,  760.20
 1063.13,  758.20
 1063.37,  758.40
 1063.61,  762.60
 1063.85,  763.40
 1064.09,  760.80
 1064.33,  761.20
 1064.57,  761.20
 1064.81,  759.80
 1065.05,  762.80
 1065.29,  758.20
 1065.53,  759.60
 1065.77,  757.00
 1066.01,  760.40
 1066.25,  757.80
 1066.49,  762.80
 1066.73,  760.80
 1066.97,  762.40
 1067.21,  761.40
 1067.45,  759.20
 1067.69,  764.00
 1067.92,  760.00
 1068.16,  758.20
 1068.40,  753.20
 1068.64,  759.60
 1068.88,  761.00
 1069.12,  756.20
 1069.36,  760.20
 1069.60,  760.60
 1069.84,  763.20
 1070.08,  759.00
 1070.32,  759.00
 1070.56,  757.40
 1070.80,  758.60
 1071.04,  760.60
 1071.28,  763.00
 1071.52,  762.80
 1071.76,  759.80
 1072.00,  759.60
 1072.24,  756.80
 1072.48,  757.20
 1072.72,  759.40
 1072.96,  760.60
 1073.20,  755.80
 1073.44,  763.60
 1073.68,  763.20
 1073.92,  762.60
 1074.16,  758.00
 1074.39,  758.00
 1074.63,  761.40
 1074.87,  760.80
 1075.11,  765.40
 1075.35,  753.20
 1075.59,  754.80
 1075.83,  757.60
 1076.07,  756.40
 1076.31,  758.40
 1076.55,  754.40
 1076.79,  763.00
 1077.03,  759.60
 1077.27,  759.20
 1077.51,  757.60
 1077.75,  761.60
 1077.99,  757.40
 1078.23,  762.00
 1078.46,  763.60
 1078.70,  757.20
 1078.94,  762.20
 1079.18,  762.40
 1079.42,  759.60
 1079.66,  759.40
 1079.90,  758.40
 1080.14,  760.40
 1080.38,  759.40
 1080.62,  760.20
 1080.86,  761.00
 1081.10,  757.80
 1081.34,  756.20
 1081.58,  758.00
 1081.81,  755.60
 1082.05,  755.80
 1082.29,  762.20
 1082.53,  762.00
 1082.77,  763.20
 1083.01,  758.60
 1083.25,  759.40
 1083.49,  761.60
 1083.73,  756.80
 1083.97,  762.60
 1084.21,  762.00
 1084.44,  758.40
 1084.68,  765.60
 1084.92,  761.00
 1085.16,  755.60
 1085.40,  761.00
 1085.64,  761.40
 1085.88,  760.20
 1086.12,  753.20
 1086.36,  760.60
 1086.60,  764.40
 1086.84,  761.40
 1087.07,  765.40
 1087.31,  761.80
 1087.55,  758.60
 1087.79,  760.40
 1088.03,  754.80
 1088.27,  762.40
 1088.51,  756.00
 1088.75,  757.40
 1088.99,  763.80
 1089.22,  759.00
 1089.46,  758.20
 1089.70,  761.20
 1089.94,  755.20
 1090.18,  759.40
 1090.42,  758.00
 1090.66,  754.00
 1090.90,  762.40
 1091.13,  762.60
 1091.37,  758.20
 1091.61,  763.00
 1091.85,  755.20
 1092.09,  760.80
 1092.33,  752.60
 1092.57,  759.40
 1092.81,  756.20
 1093.04,  758.20
 1093.28,  762.00
 1093.52,  762.00
 1093.76,  759.00
 1094.00,  755.60
 1094.24,  760.40
 1094.48,  759.20
 1094.72,  761.60
 1094.95,  761.60
 1095.19,  760.20
 1095.43,  761.80
 1095.67,  756.20
 1095.91,  758.20
 1096.15,  754.60
 1096.39,  759.20
 1096.62,  757.60
 1096.86,  752.60
 1097.10,  750.80
 1097.34,  756.40
 1097.58,  760.60
 1097.82,  758.00
 1098.06,  754.80
 1098.29,  758.40
 1098.53,  754.40
 1098.77,  763.60
 1099.01,  764.40
 1099.25,  756.40
 1099.49,  758.80
 1099.72,  760.00
 1099.96,  756.60
 1100.20,  755.80
 1100.44,  762.80
 1100.68,  757.00
 1100.92,  757.40
 1101.16,  753.00
 1101.39,  765.80
 1101.63,  765.60
 1101.87,  757.20
 1102.11,  756.80
 1102.35,  757.00
 1102.59,  756.20
 1102.82,  756.80
 1103.06,  760.40
 1103.30,  755.40
 1103.54,  752.60
 1103.78,  758.40
 1104.01,  756.60
 1104.25,  752.00
 1104.49,  756.80
 1104.73,  754.40
 1104.97,  761.00
 1105.21,  754.20
 1105.44,  757.80
 1105.68,  761.40
 1105.92,  762.40
 1106.16,  756.80
 1106.40,  757.40
 1106.63,  755.00
 1106.87,  763.40
 1107.11,  757.00
 1107.35,  761.20
 1107.59,  757.80
 1107.83,  761.60
 1108.06,  763.80
 1108.30,  764.20
 1108.54,  761.40
 1108.78,  760.20
 1109.02,  761.00
 1109.25,  755.00
 1109.49,  758.00
 1109.73,  760.40
 1109.97,  754.60
 1110.21,  759.80
 1110.44,  758.80
 1110.68,  758.40
 1110.92,  757.00
 1111.16,  756.80
 1111.40,  754.40
 1111.63,  763.60
 1111.87,  760.00
 1112.11,  762.20
 1112.35,  761.40
 1112.59,  760.40
 1112.82,  760.20
 1113.06,  758.60
 1113.30,  751.80
 1113.54,  761.00
 1113.77,  760.80
 1114.01,  764.20
 1114.25,  753.00
 1114.49,  752.80
 1114.73,  751.60
 1114.96,  755.00
 1115.20,  759.00
 1115.44,  761.80
 1115.68,  763.20
 1115.91,  759.80
 1116.15,  756.60
 1116.39,  755.60
 1116.63,  758.00
 1116.87,  758.60
 1117.10,  756.40
 1117.34,  756.00
 1117.58,  761.40
 1117.82,  761.80
 1118.05,  756.80
 1118.29,  755.80
 1118.53,  761.40
 1118.77,  761.20
 1119.00,  755.60
 1119.24,  755.60
 1119.48,  758.00
 1119.72,  762.60
 1119.95,  757.20
 1120.19,  757.00
 1120.43,  764.20
 1120.67,  760.20
 1120.90,  757.00
 1121.14,  755.20
 1121.38,  756.80
 1121.62,  751.80
 1121.85,  757.40
